timestamp,view_count,like_count,comment_count,title
2026-07-15 18:00:06,0,0,0,국민연금 '리밸런싱' 이대로 괜찮나? 이사장 본인 등판
2026-07-15 18:03:35,178,10,2,국민연금 '리밸런싱' 이대로 괜찮나? 이사장 본인 등판
2026-07-15 18:31:33,3648,127,33,국민연금 '리밸런싱' 이대로 괜찮나? 이사장 본인 등판
2026-07-15 20:07:18,10542,389,145,국민연금 '리밸런싱' 이대로 괜찮나? 이사장 본인 등판
2026-07-15 20:11:33,11009,398,144,국민연금 '리밸런싱' 이대로 괜찮나? 이사장 본인 등판
2026-07-15 20:12:16,11051,398,144,국민연금 '리밸런싱' 이대로 괜찮나? 이사장 본인 등판
2026-07-15 20:28:50,12926,426,149,국민연금 '리밸런싱' 이대로 괜찮나? 이사장 본인 등판
2026-07-15 21:45:26,20768,535,185,국민연금 '리밸런싱' 이대로 괜찮나? 이사장 본인 등판
2026-07-15 23:30:10,30534,626,239,국민연금 '리밸런싱' 이대로 괜찮나? 이사장 본인 등판
2026-07-16 01:06:53,36981,657,257,국민연금 '리밸런싱' 이대로 괜찮나? 이사장 본인 등판
2026-07-16 02:41:35,41377,670,264,국민연금 '리밸런싱' 이대로 괜찮나? 이사장 본인 등판
2026-07-16 03:47:28,42877,672,268,국민연금 '리밸런싱' 이대로 괜찮나? 이사장 본인 등판
2026-07-16 04:58:20,43667,676,272,국민연금 '리밸런싱' 이대로 괜찮나? 이사장 본인 등판
2026-07-16 06:10:46,44216,684,277,국민연금 '리밸런싱' 이대로 괜찮나? 이사장 본인 등판
2026-07-16 07:16:19,44584,701,283,국민연금 '리밸런싱' 이대로 괜찮나? 이사장 본인 등판
2026-07-16 08:17:37,45167,713,293,국민연금 '리밸런싱' 이대로 괜찮나? 이사장 본인 등판
2026-07-16 09:14:38,46123,723,297,국민연금 '리밸런싱' 이대로 괜찮나? 이사장 본인 등판
2026-07-16 12:43:13,48969,755,307,국민연금 '리밸런싱' 이대로 괜찮나? 이사장 본인 등판
2026-07-16 15:06:09,50227,765,317,국민연금 '리밸런싱' 이대로 괜찮나? 이사장 본인 등판
2026-07-16 17:36:49,51398,778,326,국민연금 '리밸런싱' 이대로 괜찮나? 이사장 본인 등판
2026-07-16 19:46:18,52495,798,340,국민연금 '리밸런싱' 이대로 괜찮나? 이사장 본인 등판
2026-07-16 21:11:44,53248,801,345,국민연금 '리밸런싱' 이대로 괜찮나? 이사장 본인 등판
2026-07-16 23:26:43,54430,810,349,국민연금 '리밸런싱' 이대로 괜찮나? 이사장 본인 등판
2026-07-17 01:00:43,55199,816,348,국민연금 '리밸런싱' 이대로 괜찮나? 이사장 본인 등판
2026-07-17 02:36:01,55775,820,348,국민연금 '리밸런싱' 이대로 괜찮나? 이사장 본인 등판
2026-07-17 03:48:47,55943,822,348,국민연금 '리밸런싱' 이대로 괜찮나? 이사장 본인 등판
2026-07-17 05:08:11,56090,824,348,국민연금 '리밸런싱' 이대로 괜찮나? 이사장 본인 등판
2026-07-17 06:27:14,56207,828,348,국민연금 '리밸런싱' 이대로 괜찮나? 이사장 본인 등판
2026-07-17 07:32:21,56022,829,349,국민연금 '리밸런싱' 이대로 괜찮나? 이사장 본인 등판
2026-07-17 08:32:23,56113,834,350,국민연금 '리밸런싱' 이대로 괜찮나? 이사장 본인 등판
2026-07-17 10:07:56,56362,841,353,국민연금 '리밸런싱' 이대로 괜찮나? 이사장 본인 등판
2026-07-17 12:36:14,56897,843,354,국민연금 '리밸런싱' 이대로 괜찮나? 이사장 본인 등판
2026-07-17 12:43:45,56908,844,354,국민연금 '리밸런싱' 이대로 괜찮나? 이사장 본인 등판
2026-07-17 13:28:34,57063,846,355,국민연금 '리밸런싱' 이대로 괜찮나? 이사장 본인 등판
2026-07-17 15:58:47,57511,852,357,국민연금 '리밸런싱' 이대로 괜찮나? 이사장 본인 등판
2026-07-17 18:17:10,57928,860,360,국민연금 '리밸런싱' 이대로 괜찮나? 이사장 본인 등판
2026-07-17 19:59:43,58274,865,362,국민연금 '리밸런싱' 이대로 괜찮나? 이사장 본인 등판
2026-07-17 21:18:03,58440,865,362,국민연금 '리밸런싱' 이대로 괜찮나? 이사장 본인 등판
2026-07-17 23:08:54,58631,865,361,국민연금 '리밸런싱' 이대로 괜찮나? 이사장 본인 등판
2026-07-18 00:46:00,58735,866,363,국민연금 '리밸런싱' 이대로 괜찮나? 이사장 본인 등판
2026-07-18 01:53:42,58803,867,363,국민연금 '리밸런싱' 이대로 괜찮나? 이사장 본인 등판
2026-07-18 03:13:01,58803,867,363,국민연금 '리밸런싱' 이대로 괜찮나? 이사장 본인 등판
2026-07-18 04:35:44,58878,868,364,국민연금 '리밸런싱' 이대로 괜찮나? 이사장 본인 등판
2026-07-18 05:37:22,58899,869,365,국민연금 '리밸런싱' 이대로 괜찮나? 이사장 본인 등판
2026-07-18 06:36:30,58921,869,365,국민연금 '리밸런싱' 이대로 괜찮나? 이사장 본인 등판
2026-07-18 07:34:43,58949,870,365,국민연금 '리밸런싱' 이대로 괜찮나? 이사장 본인 등판
2026-07-18 08:37:25,58990,870,365,국민연금 '리밸런싱' 이대로 괜찮나? 이사장 본인 등판
2026-07-18 10:07:27,59069,871,365,국민연금 '리밸런싱' 이대로 괜찮나? 이사장 본인 등판
2026-07-18 13:16:43,59290,876,368,국민연금 '리밸런싱' 이대로 괜찮나? 이사장 본인 등판
2026-07-18 15:24:55,59395,880,369,국민연금 '리밸런싱' 이대로 괜찮나? 이사장 본인 등판
2026-07-18 17:23:26,59503,884,368,국민연금 '리밸런싱' 이대로 괜찮나? 이사장 본인 등판
2026-07-18 19:01:59,59593,886,368,국민연금 '리밸런싱' 이대로 괜찮나? 이사장 본인 등판
2026-07-18 20:15:35,59659,888,368,국민연금 '리밸런싱' 이대로 괜찮나? 이사장 본인 등판
2026-07-18 21:08:29,59713,888,369,국민연금 '리밸런싱' 이대로 괜찮나? 이사장 본인 등판
2026-07-18 22:53:01,59779,888,369,국민연금 '리밸런싱' 이대로 괜찮나? 이사장 본인 등판
2026-07-19 00:04:37,59791,888,369,국민연금 '리밸런싱' 이대로 괜찮나? 이사장 본인 등판
2026-07-19 01:12:47,59871,888,369,국민연금 '리밸런싱' 이대로 괜찮나? 이사장 본인 등판
2026-07-19 02:17:52,59895,888,369,국민연금 '리밸런싱' 이대로 괜찮나? 이사장 본인 등판
2026-07-19 03:13:06,59903,888,369,국민연금 '리밸런싱' 이대로 괜찮나? 이사장 본인 등판
2026-07-19 04:35:19,59934,889,369,국민연금 '리밸런싱' 이대로 괜찮나? 이사장 본인 등판
2026-07-19 05:31:35,59946,889,370,국민연금 '리밸런싱' 이대로 괜찮나? 이사장 본인 등판
2026-07-19 06:29:47,59952,890,370,국민연금 '리밸런싱' 이대로 괜찮나? 이사장 본인 등판
2026-07-19 07:27:43,59972,891,370,국민연금 '리밸런싱' 이대로 괜찮나? 이사장 본인 등판
2026-07-19 08:31:47,59973,890,370,국민연금 '리밸런싱' 이대로 괜찮나? 이사장 본인 등판
2026-07-19 10:06:21,59973,890,370,국민연금 '리밸런싱' 이대로 괜찮나? 이사장 본인 등판
2026-07-19 13:39:26,60136,891,371,국민연금 '리밸런싱' 이대로 괜찮나? 이사장 본인 등판
2026-07-19 16:17:36,60209,893,374,국민연금 '리밸런싱' 이대로 괜찮나? 이사장 본인 등판
2026-07-19 18:22:59,60209,893,374,국민연금 '리밸런싱' 이대로 괜찮나? 이사장 본인 등판
2026-07-19 19:56:18,60343,894,374,국민연금 '리밸런싱' 이대로 괜찮나? 이사장 본인 등판
2026-07-19 21:03:58,60343,894,374,국민연금 '리밸런싱' 이대로 괜찮나? 이사장 본인 등판
2026-07-19 22:56:55,60446,894,374,국민연금 '리밸런싱' 이대로 괜찮나? 이사장 본인 등판
2026-07-20 00:05:34,60475,894,374,국민연금 '리밸런싱' 이대로 괜찮나? 이사장 본인 등판
2026-07-20 01:13:32,60506,895,374,국민연금 '리밸런싱' 이대로 괜찮나? 이사장 본인 등판
2026-07-20 02:26:49,60546,895,374,국민연금 '리밸런싱' 이대로 괜찮나? 이사장 본인 등판
2026-07-20 03:31:57,60547,895,374,국민연금 '리밸런싱' 이대로 괜찮나? 이사장 본인 등판
2026-07-20 04:48:34,60547,895,374,국민연금 '리밸런싱' 이대로 괜찮나? 이사장 본인 등판
2026-07-20 06:02:35,60566,895,374,국민연금 '리밸런싱' 이대로 괜찮나? 이사장 본인 등판
2026-07-20 07:04:58,60598,895,374,국민연금 '리밸런싱' 이대로 괜찮나? 이사장 본인 등판
2026-07-20 08:14:44,60597,895,374,국민연금 '리밸런싱' 이대로 괜찮나? 이사장 본인 등판
2026-07-20 09:15:51,60598,895,374,국민연금 '리밸런싱' 이대로 괜찮나? 이사장 본인 등판
2026-07-20 13:10:34,60710,896,374,국민연금 '리밸런싱' 이대로 괜찮나? 이사장 본인 등판
2026-07-20 16:33:53,60749,898,375,국민연금 '리밸런싱' 이대로 괜찮나? 이사장 본인 등판
2026-07-20 19:32:52,60839,899,375,국민연금 '리밸런싱' 이대로 괜찮나? 이사장 본인 등판
2026-07-20 21:37:00,60850,899,375,국민연금 '리밸런싱' 이대로 괜찮나? 이사장 본인 등판
2026-07-20 23:58:36,60907,899,375,국민연금 '리밸런싱' 이대로 괜찮나? 이사장 본인 등판
2026-07-21 01:40:02,60907,899,375,국민연금 '리밸런싱' 이대로 괜찮나? 이사장 본인 등판
